-- MySQL dump 10.13  Distrib 8.0.20, for Win64 (x86_64)
--
-- Host: 3.38.251.140    Database: mafya2
-- ------------------------------------------------------
-- Server version	8.0.30-0ubuntu0.20.04.2

/*!40101 SET @OLD_CHARACTER_SET_CLIENT=@@CHARACTER_SET_CLIENT */;
/*!40101 SET @OLD_CHARACTER_SET_RESULTS=@@CHARACTER_SET_RESULTS */;
/*!40101 SET @OLD_COLLATION_CONNECTION=@@COLLATION_CONNECTION */;
/*!50503 SET NAMES utf8 */;
/*!40103 SET @OLD_TIME_ZONE=@@TIME_ZONE */;
/*!40103 SET TIME_ZONE='+00:00' */;
/*!40014 SET @OLD_UNIQUE_CHECKS=@@UNIQUE_CHECKS, UNIQUE_CHECKS=0 */;
/*!40014 SET @OLD_FOREIGN_KEY_CHECKS=@@FOREIGN_KEY_CHECKS, FOREIGN_KEY_CHECKS=0 */;
/*!40101 SET @OLD_SQL_MODE=@@SQL_MODE, SQL_MODE='NO_AUTO_VALUE_ON_ZERO' */;
/*!40111 SET @OLD_SQL_NOTES=@@SQL_NOTES, SQL_NOTES=0 */;

--
-- Table structure for table `attendance`
--

DROP TABLE IF EXISTS `attendance`;
/*!40101 SET @saved_cs_client     = @@character_set_client */;
/*!50503 SET character_set_client = utf8mb4 */;
CREATE TABLE `attendance` (
  `id` int NOT NULL AUTO_INCREMENT,
  `created_at` datetime DEFAULT NULL,
  `updated_at` datetime DEFAULT NULL,
  `day` varchar(2) NOT NULL,
  `enter_time` varchar(5) NOT NULL,
  `exit_time` varchar(5) NOT NULL,
  `month` varchar(2) NOT NULL,
  `type` int NOT NULL,
  `year` varchar(4) NOT NULL,
  `user_id` int DEFAULT NULL,
  PRIMARY KEY (`id`),
  KEY `FK46cuxphi3uh5quom51s6i2q8x` (`user_id`),
  CONSTRAINT `FK46cuxphi3uh5quom51s6i2q8x` FOREIGN KEY (`user_id`) REFERENCES `user` (`id`)
) ENGINE=InnoDB AUTO_INCREMENT=691 DEFAULT CHARSET=utf8mb3;
/*!40101 SET character_set_client = @saved_cs_client */;

--
-- Dumping data for table `attendance`
--

LOCK TABLES `attendance` WRITE;
/*!40000 ALTER TABLE `attendance` DISABLE KEYS */;
INSERT INTO `attendance` VALUES (346,NULL,NULL,'01','08:46','18:24','07',3,'2022',1),(347,NULL,NULL,'04','08:37','18:12','07',3,'2022',1),(348,NULL,NULL,'05','08:32','18:18','07',3,'2022',1),(349,NULL,NULL,'06','08:31','18:20','07',3,'2022',1),(350,NULL,NULL,'07','08:46','18:03','07',3,'2022',1),(351,NULL,NULL,'08','08:32','18:27','07',3,'2022',1),(352,NULL,NULL,'11','08:37','18:27','07',3,'2022',1),(353,NULL,NULL,'12','08:47','18:04','07',3,'2022',1),(354,NULL,NULL,'13','08:36','18:25','07',3,'2022',1),(355,NULL,NULL,'14','08:32','18:01','07',3,'2022',1),(356,NULL,NULL,'15','08:21','18:07','07',3,'2022',1),(357,NULL,NULL,'18','08:19','18:17','07',3,'2022',1),(358,NULL,NULL,'19','08:31','18:26','07',3,'2022',1),(359,NULL,NULL,'20','08:14','18:21','07',3,'2022',1),(360,NULL,NULL,'21','08:39','18:14','07',3,'2022',1),(361,NULL,NULL,'22','08:37','18:02','07',3,'2022',1),(362,NULL,NULL,'25','08:36','18:03','07',3,'2022',1),(363,NULL,NULL,'26','08:33','18:14','07',3,'2022',1),(364,NULL,NULL,'27','08:49','18:26','07',3,'2022',1),(365,NULL,NULL,'28','08:42','18:07','07',3,'2022',1),(366,NULL,NULL,'29','08:31','18:26','07',3,'2022',1),(367,NULL,NULL,'01','08:39','18:14','08',3,'2022',1),(368,NULL,NULL,'02','08:34','18:02','08',3,'2022',1),(369,NULL,NULL,'03','08:42','18:21','08',3,'2022',1),(370,NULL,NULL,'04','08:32','18:12','08',3,'2022',1),(371,NULL,NULL,'05','08:32','18:14','08',3,'2022',1),(372,NULL,NULL,'08','08:12','18:27','08',3,'2022',1),(373,NULL,NULL,'09','08:19','18:06','08',3,'2022',1),(374,NULL,NULL,'10','08:24','18:21','08',3,'2022',1),(375,NULL,NULL,'11','08:57','18:27','08',3,'2022',1),(376,NULL,NULL,'12','08:37','18:04','08',3,'2022',1),(377,NULL,NULL,'15','08:21','18:17','08',3,'2022',1),(378,NULL,NULL,'16','08:47','18:24','08',3,'2022',1),(379,NULL,NULL,'17','08:45','18:15','08',3,'2022',1),(380,NULL,NULL,'18','08:39','18:19','08',3,'2022',1),(381,NULL,NULL,'19','08:31','18:26','08',3,'2022',1),(382,NULL,NULL,'22','08:37','18:02','08',3,'2022',1),(383,NULL,NULL,'23','08:40','18:21','08',3,'2022',1),(384,NULL,NULL,'24','08:42','18:12','08',3,'2022',1),(385,NULL,NULL,'25','08:52','18:03','08',3,'2022',1),(386,NULL,NULL,'26','08:34','18:04','08',3,'2022',1),(387,NULL,NULL,'29','08:21','18:06','08',3,'2022',1),(388,NULL,NULL,'30','08:37','18:13','08',3,'2022',1),(389,NULL,NULL,'31','08:32','18:21','08',3,'2022',1),(390,NULL,NULL,'01','08:39','18:14','09',3,'2022',1),(391,NULL,NULL,'02','08:34','18:02','09',3,'2022',1),(392,NULL,NULL,'05','08:32','18:14','09',3,'2022',1),(393,NULL,NULL,'06','08:31','18:10','09',3,'2022',1),(394,NULL,NULL,'07','08:46','18:03','09',3,'2022',1),(395,NULL,NULL,'08','08:12','18:27','09',3,'2022',1),(396,NULL,NULL,'09','08:19','18:06','09',3,'2022',1),(397,NULL,NULL,'12','08:37','18:04','09',3,'2022',1),(398,NULL,NULL,'13','08:45','18:25','09',3,'2022',1),(399,NULL,NULL,'14','08:32','18:01','09',3,'2022',1),(400,NULL,NULL,'15','08:21','18:07','09',3,'2022',1),(401,NULL,NULL,'16','08:47','18:24','09',3,'2022',1),(402,NULL,NULL,'19','08:31','18:26','09',3,'2022',1),(403,NULL,NULL,'20','08:14','18:21','09',3,'2022',1),(404,NULL,NULL,'21','08:39','18:14','09',3,'2022',1),(405,NULL,NULL,'22','08:37','18:02','09',3,'2022',1),(406,NULL,NULL,'23','08:40','18:21','09',3,'2022',1),(407,NULL,NULL,'26','08:30','18:04','09',3,'2022',1),(408,NULL,NULL,'27','08:49','18:23','09',3,'2022',1),(409,NULL,NULL,'28','08:12','18:07','09',3,'2022',1),(410,NULL,NULL,'29','08:11','18:06','09',3,'2022',1),(411,NULL,NULL,'30','08:30','18:01','09',3,'2022',1),(412,NULL,NULL,'03','08:36','18:11','10',3,'2022',1),(413,NULL,NULL,'04','08:32','18:17','10',3,'2022',1),(414,NULL,NULL,'05','08:56','18:08','10',3,'2022',1),(415,NULL,NULL,'01','08:46','18:24','07',3,'2022',2),(416,NULL,NULL,'04','08:37','18:12','07',3,'2022',2),(417,NULL,NULL,'05','08:32','18:18','07',3,'2022',2),(418,NULL,NULL,'06','08:31','18:20','07',3,'2022',2),(419,NULL,NULL,'07','08:46','18:03','07',3,'2022',2),(420,NULL,NULL,'08','08:32','18:27','07',3,'2022',2),(421,NULL,NULL,'11','08:37','18:27','07',3,'2022',2),(422,NULL,NULL,'12','08:47','18:04','07',3,'2022',2),(423,NULL,NULL,'13','08:36','18:25','07',3,'2022',2),(424,NULL,NULL,'14','08:32','18:01','07',3,'2022',2),(425,NULL,NULL,'15','08:21','18:07','07',3,'2022',2),(426,NULL,NULL,'18','08:19','18:17','07',3,'2022',2),(427,NULL,NULL,'19','08:31','18:26','07',3,'2022',2),(428,NULL,NULL,'20','08:14','18:21','07',3,'2022',2),(429,NULL,NULL,'21','08:39','18:14','07',3,'2022',2),(430,NULL,NULL,'22','08:37','18:02','07',3,'2022',2),(431,NULL,NULL,'25','08:36','18:03','07',3,'2022',2),(432,NULL,NULL,'26','08:33','18:14','07',3,'2022',2),(433,NULL,NULL,'27','08:49','18:26','07',3,'2022',2),(434,NULL,NULL,'28','08:42','18:07','07',3,'2022',2),(435,NULL,NULL,'29','08:31','18:26','07',3,'2022',2),(436,NULL,NULL,'01','08:39','18:14','08',3,'2022',2),(437,NULL,NULL,'02','08:34','18:02','08',3,'2022',2),(438,NULL,NULL,'03','08:42','18:21','08',3,'2022',2),(439,NULL,NULL,'04','08:32','18:12','08',3,'2022',2),(440,NULL,NULL,'05','08:32','18:14','08',3,'2022',2),(441,NULL,NULL,'08','08:12','18:27','08',3,'2022',2),(442,NULL,NULL,'09','08:19','18:06','08',3,'2022',2),(443,NULL,NULL,'10','08:24','18:21','08',3,'2022',2),(444,NULL,NULL,'11','08:57','18:27','08',3,'2022',2),(445,NULL,NULL,'12','08:37','18:04','08',3,'2022',2),(446,NULL,NULL,'15','08:21','18:17','08',3,'2022',2),(447,NULL,NULL,'16','08:47','18:24','08',3,'2022',2),(448,NULL,NULL,'17','08:45','18:15','08',3,'2022',2),(449,NULL,NULL,'18','08:39','18:19','08',3,'2022',2),(450,NULL,NULL,'19','08:31','18:26','08',3,'2022',2),(451,NULL,NULL,'22','08:37','18:02','08',3,'2022',2),(452,NULL,NULL,'23','08:40','18:21','08',3,'2022',2),(453,NULL,NULL,'24','08:42','18:12','08',3,'2022',2),(454,NULL,NULL,'25','08:52','18:03','08',3,'2022',2),(455,NULL,NULL,'26','08:34','18:04','08',3,'2022',2),(456,NULL,NULL,'29','08:21','18:06','08',3,'2022',2),(457,NULL,NULL,'30','08:37','18:13','08',3,'2022',2),(458,NULL,NULL,'31','08:32','18:21','08',3,'2022',2),(459,NULL,NULL,'01','08:39','18:14','09',3,'2022',2),(460,NULL,NULL,'02','08:34','18:02','09',3,'2022',2),(461,NULL,NULL,'05','08:32','18:14','09',3,'2022',2),(462,NULL,NULL,'06','08:31','18:10','09',3,'2022',2),(463,NULL,NULL,'07','08:46','18:03','09',3,'2022',2),(464,NULL,NULL,'08','08:12','18:27','09',3,'2022',2),(465,NULL,NULL,'09','08:19','18:06','09',3,'2022',2),(466,NULL,NULL,'12','08:37','18:04','09',3,'2022',2),(467,NULL,NULL,'13','08:45','18:25','09',3,'2022',2),(468,NULL,NULL,'14','08:32','18:01','09',3,'2022',2),(469,NULL,NULL,'15','08:21','18:07','09',3,'2022',2),(470,NULL,NULL,'16','08:47','18:24','09',3,'2022',2),(471,NULL,NULL,'19','08:31','18:26','09',3,'2022',2),(472,NULL,NULL,'20','08:14','18:21','09',3,'2022',2),(473,NULL,NULL,'21','08:39','18:14','09',3,'2022',2),(474,NULL,NULL,'22','08:37','18:02','09',3,'2022',2),(475,NULL,NULL,'23','08:40','18:21','09',3,'2022',2),(476,NULL,NULL,'26','08:30','18:04','09',3,'2022',2),(477,NULL,NULL,'27','08:49','18:23','09',3,'2022',2),(478,NULL,NULL,'28','08:12','18:07','09',3,'2022',2),(479,NULL,NULL,'29','08:11','18:06','09',3,'2022',2),(480,NULL,NULL,'30','08:30','18:01','09',3,'2022',2),(481,NULL,NULL,'03','08:36','18:11','10',3,'2022',2),(482,NULL,NULL,'04','08:32','18:17','10',3,'2022',2),(483,NULL,NULL,'05','08:56','18:08','10',3,'2022',2),(484,NULL,NULL,'01','08:46','18:24','07',3,'2022',3),(485,NULL,NULL,'04','08:37','18:12','07',3,'2022',3),(486,NULL,NULL,'05','08:32','18:18','07',3,'2022',3),(487,NULL,NULL,'06','08:31','18:20','07',3,'2022',3),(488,NULL,NULL,'07','08:46','18:03','07',3,'2022',3),(489,NULL,NULL,'08','08:32','18:27','07',3,'2022',3),(490,NULL,NULL,'11','08:37','18:27','07',3,'2022',3),(491,NULL,NULL,'12','08:47','18:04','07',3,'2022',3),(492,NULL,NULL,'13','08:36','18:25','07',3,'2022',3),(493,NULL,NULL,'14','08:32','18:01','07',3,'2022',3),(494,NULL,NULL,'15','08:21','18:07','07',3,'2022',3),(495,NULL,NULL,'18','08:19','18:17','07',3,'2022',3),(496,NULL,NULL,'19','08:31','18:26','07',3,'2022',3),(497,NULL,NULL,'20','08:14','18:21','07',3,'2022',3),(498,NULL,NULL,'21','08:39','18:14','07',3,'2022',3),(499,NULL,NULL,'22','08:37','18:02','07',3,'2022',3),(500,NULL,NULL,'25','08:36','18:03','07',3,'2022',3),(501,NULL,NULL,'26','08:33','18:14','07',3,'2022',3),(502,NULL,NULL,'27','08:49','18:26','07',3,'2022',3),(503,NULL,NULL,'28','08:42','18:07','07',3,'2022',3),(504,NULL,NULL,'29','08:31','18:26','07',3,'2022',3),(505,NULL,NULL,'01','08:39','18:14','08',3,'2022',3),(506,NULL,NULL,'02','08:34','18:02','08',3,'2022',3),(507,NULL,NULL,'03','08:42','18:21','08',3,'2022',3),(508,NULL,NULL,'04','08:32','18:12','08',3,'2022',3),(509,NULL,NULL,'05','08:32','18:14','08',3,'2022',3),(510,NULL,NULL,'08','08:12','18:27','08',3,'2022',3),(511,NULL,NULL,'09','08:19','18:06','08',3,'2022',3),(512,NULL,NULL,'10','08:24','18:21','08',3,'2022',3),(513,NULL,NULL,'11','08:57','18:27','08',3,'2022',3),(514,NULL,NULL,'12','08:37','18:04','08',3,'2022',3),(515,NULL,NULL,'15','08:21','18:17','08',3,'2022',3),(516,NULL,NULL,'16','08:47','18:24','08',3,'2022',3),(517,NULL,NULL,'17','08:45','18:15','08',3,'2022',3),(518,NULL,NULL,'18','08:39','18:19','08',3,'2022',3),(519,NULL,NULL,'19','08:31','18:26','08',3,'2022',3),(520,NULL,NULL,'22','08:37','18:02','08',3,'2022',3),(521,NULL,NULL,'23','08:40','18:21','08',3,'2022',3),(522,NULL,NULL,'24','08:42','18:12','08',3,'2022',3),(523,NULL,NULL,'25','08:52','18:03','08',3,'2022',3),(524,NULL,NULL,'26','08:34','18:04','08',3,'2022',3),(525,NULL,NULL,'29','08:21','18:06','08',3,'2022',3),(526,NULL,NULL,'30','08:37','18:13','08',3,'2022',3),(527,NULL,NULL,'31','08:32','18:21','08',3,'2022',3),(528,NULL,NULL,'01','08:39','18:14','09',3,'2022',3),(529,NULL,NULL,'02','08:34','18:02','09',3,'2022',3),(530,NULL,NULL,'05','08:32','18:14','09',3,'2022',3),(531,NULL,NULL,'06','08:31','18:10','09',3,'2022',3),(532,NULL,NULL,'07','08:46','18:03','09',3,'2022',3),(533,NULL,NULL,'08','08:12','18:27','09',3,'2022',3),(534,NULL,NULL,'09','08:19','18:06','09',3,'2022',3),(535,NULL,NULL,'12','08:37','18:04','09',3,'2022',3),(536,NULL,NULL,'13','08:45','18:25','09',3,'2022',3),(537,NULL,NULL,'14','08:32','18:01','09',3,'2022',3),(538,NULL,NULL,'15','08:21','18:07','09',3,'2022',3),(539,NULL,NULL,'16','08:47','18:24','09',3,'2022',3),(540,NULL,NULL,'19','08:31','18:26','09',3,'2022',3),(541,NULL,NULL,'20','08:14','18:21','09',3,'2022',3),(542,NULL,NULL,'21','08:39','18:14','09',3,'2022',3),(543,NULL,NULL,'22','08:37','18:02','09',3,'2022',3),(544,NULL,NULL,'23','08:40','18:21','09',3,'2022',3),(545,NULL,NULL,'26','08:30','18:04','09',3,'2022',3),(546,NULL,NULL,'27','08:49','18:23','09',3,'2022',3),(547,NULL,NULL,'28','08:12','18:07','09',3,'2022',3),(548,NULL,NULL,'29','08:11','18:06','09',3,'2022',3),(549,NULL,NULL,'30','08:30','18:01','09',3,'2022',3),(550,NULL,NULL,'03','08:36','18:11','10',3,'2022',3),(551,NULL,NULL,'04','08:32','18:17','10',3,'2022',3),(552,NULL,NULL,'05','08:56','18:08','10',3,'2022',3),(553,NULL,NULL,'01','08:46','18:24','07',3,'2022',4),(554,NULL,NULL,'04','08:37','18:12','07',3,'2022',4),(555,NULL,NULL,'05','08:32','18:18','07',3,'2022',4),(556,NULL,NULL,'06','08:31','18:20','07',3,'2022',4),(557,NULL,NULL,'07','08:46','18:03','07',3,'2022',4),(558,NULL,NULL,'08','08:32','18:27','07',3,'2022',4),(559,NULL,NULL,'11','08:37','18:27','07',3,'2022',4),(560,NULL,NULL,'12','08:47','18:04','07',3,'2022',4),(561,NULL,NULL,'13','08:36','18:25','07',3,'2022',4),(562,NULL,NULL,'14','08:32','18:01','07',3,'2022',4),(563,NULL,NULL,'15','08:21','18:07','07',3,'2022',4),(564,NULL,NULL,'18','08:19','18:17','07',3,'2022',4),(565,NULL,NULL,'19','08:31','18:26','07',3,'2022',4),(566,NULL,NULL,'20','08:14','18:21','07',3,'2022',4),(567,NULL,NULL,'21','08:39','18:14','07',3,'2022',4),(568,NULL,NULL,'22','08:37','18:02','07',3,'2022',4),(569,NULL,NULL,'25','08:36','18:03','07',3,'2022',4),(570,NULL,NULL,'26','08:33','18:14','07',3,'2022',4),(571,NULL,NULL,'27','08:49','18:26','07',3,'2022',4),(572,NULL,NULL,'28','08:42','18:07','07',3,'2022',4),(573,NULL,NULL,'29','08:31','18:26','07',3,'2022',4),(574,NULL,NULL,'01','08:39','18:14','08',3,'2022',4),(575,NULL,NULL,'02','08:34','18:02','08',3,'2022',4),(576,NULL,NULL,'03','08:42','18:21','08',3,'2022',4),(577,NULL,NULL,'04','08:32','18:12','08',3,'2022',4),(578,NULL,NULL,'05','08:32','18:14','08',3,'2022',4),(579,NULL,NULL,'08','08:12','18:27','08',3,'2022',4),(580,NULL,NULL,'09','08:19','18:06','08',3,'2022',4),(581,NULL,NULL,'10','08:24','18:21','08',3,'2022',4),(582,NULL,NULL,'11','08:57','18:27','08',3,'2022',4),(583,NULL,NULL,'12','08:37','18:04','08',3,'2022',4),(584,NULL,NULL,'15','08:21','18:17','08',3,'2022',4),(585,NULL,NULL,'16','08:47','18:24','08',3,'2022',4),(586,NULL,NULL,'17','08:45','18:15','08',3,'2022',4),(587,NULL,NULL,'18','08:39','18:19','08',3,'2022',4),(588,NULL,NULL,'19','08:31','18:26','08',3,'2022',4),(589,NULL,NULL,'22','08:37','18:02','08',3,'2022',4),(590,NULL,NULL,'23','08:40','18:21','08',3,'2022',4),(591,NULL,NULL,'24','08:42','18:12','08',3,'2022',4),(592,NULL,NULL,'25','08:52','18:03','08',3,'2022',4),(593,NULL,NULL,'26','08:34','18:04','08',3,'2022',4),(594,NULL,NULL,'29','08:21','18:06','08',3,'2022',4),(595,NULL,NULL,'30','08:37','18:13','08',3,'2022',4),(596,NULL,NULL,'31','08:32','18:21','08',3,'2022',4),(597,NULL,NULL,'01','08:39','18:14','09',3,'2022',4),(598,NULL,NULL,'02','08:34','18:02','09',3,'2022',4),(599,NULL,NULL,'05','08:32','18:14','09',3,'2022',4),(600,NULL,NULL,'06','08:31','18:10','09',3,'2022',4),(601,NULL,NULL,'07','08:46','18:03','09',3,'2022',4),(602,NULL,NULL,'08','08:12','18:27','09',3,'2022',4),(603,NULL,NULL,'09','08:19','18:06','09',3,'2022',4),(604,NULL,NULL,'12','08:37','18:04','09',3,'2022',4),(605,NULL,NULL,'13','08:45','18:25','09',3,'2022',4),(606,NULL,NULL,'14','08:32','18:01','09',3,'2022',4),(607,NULL,NULL,'15','08:21','18:07','09',3,'2022',4),(608,NULL,NULL,'16','08:47','18:24','09',3,'2022',4),(609,NULL,NULL,'19','08:31','18:26','09',3,'2022',4),(610,NULL,NULL,'20','08:14','18:21','09',3,'2022',4),(611,NULL,NULL,'21','08:39','18:14','09',3,'2022',4),(612,NULL,NULL,'22','08:37','18:02','09',3,'2022',4),(613,NULL,NULL,'23','08:40','18:21','09',3,'2022',4),(614,NULL,NULL,'26','08:30','18:04','09',3,'2022',4),(615,NULL,NULL,'27','08:49','18:23','09',3,'2022',4),(616,NULL,NULL,'28','08:12','18:07','09',3,'2022',4),(617,NULL,NULL,'29','08:11','18:06','09',3,'2022',4),(618,NULL,NULL,'30','08:30','18:01','09',3,'2022',4),(619,NULL,NULL,'03','08:36','18:11','10',3,'2022',4),(620,NULL,NULL,'04','08:32','18:17','10',3,'2022',4),(621,NULL,NULL,'05','08:56','18:08','10',3,'2022',4),(622,NULL,NULL,'01','08:46','18:24','07',3,'2022',5),(623,NULL,NULL,'04','08:37','18:12','07',3,'2022',5),(624,NULL,NULL,'05','08:32','18:18','07',3,'2022',5),(625,NULL,NULL,'06','08:31','18:20','07',3,'2022',5),(626,NULL,NULL,'07','08:46','18:03','07',3,'2022',5),(627,NULL,NULL,'08','08:32','18:27','07',3,'2022',5),(628,NULL,NULL,'11','08:37','18:27','07',3,'2022',5),(629,NULL,NULL,'12','08:47','18:04','07',3,'2022',5),(630,NULL,NULL,'13','08:36','18:25','07',3,'2022',5),(631,NULL,NULL,'14','08:32','18:01','07',3,'2022',5),(632,NULL,NULL,'15','08:21','18:07','07',3,'2022',5),(633,NULL,NULL,'18','08:19','18:17','07',3,'2022',5),(634,NULL,NULL,'19','08:31','18:26','07',3,'2022',5),(635,NULL,NULL,'20','08:14','18:21','07',3,'2022',5),(636,NULL,NULL,'21','08:39','18:14','07',3,'2022',5),(637,NULL,NULL,'22','08:37','18:02','07',3,'2022',5),(638,NULL,NULL,'25','08:36','18:03','07',3,'2022',5),(639,NULL,NULL,'26','08:33','18:14','07',3,'2022',5),(640,NULL,NULL,'27','08:49','18:26','07',3,'2022',5),(641,NULL,NULL,'28','08:42','18:07','07',3,'2022',5),(642,NULL,NULL,'29','08:31','18:26','07',3,'2022',5),(643,NULL,NULL,'01','08:39','18:14','08',3,'2022',5),(644,NULL,NULL,'02','08:34','18:02','08',3,'2022',5),(645,NULL,NULL,'03','08:42','18:21','08',3,'2022',5),(646,NULL,NULL,'04','08:32','18:12','08',3,'2022',5),(647,NULL,NULL,'05','08:32','18:14','08',3,'2022',5),(648,NULL,NULL,'08','08:12','18:27','08',3,'2022',5),(649,NULL,NULL,'09','08:19','18:06','08',3,'2022',5),(650,NULL,NULL,'10','08:24','18:21','08',3,'2022',5),(651,NULL,NULL,'11','08:57','18:27','08',3,'2022',5),(652,NULL,NULL,'12','08:37','18:04','08',3,'2022',5),(653,NULL,NULL,'15','08:21','18:17','08',3,'2022',5),(654,NULL,NULL,'16','08:47','18:24','08',3,'2022',5),(655,NULL,NULL,'17','08:45','18:15','08',3,'2022',5),(656,NULL,NULL,'18','08:39','18:19','08',3,'2022',5),(657,NULL,NULL,'19','08:31','18:26','08',3,'2022',5),(658,NULL,NULL,'22','08:37','18:02','08',3,'2022',5),(659,NULL,NULL,'23','08:40','18:21','08',3,'2022',5),(660,NULL,NULL,'24','08:42','18:12','08',3,'2022',5),(661,NULL,NULL,'25','08:52','18:03','08',3,'2022',5),(662,NULL,NULL,'26','08:34','18:04','08',3,'2022',5),(663,NULL,NULL,'29','08:21','18:06','08',3,'2022',5),(664,NULL,NULL,'30','08:37','18:13','08',3,'2022',5),(665,NULL,NULL,'31','08:32','18:21','08',3,'2022',5),(666,NULL,NULL,'01','08:39','18:14','09',3,'2022',5),(667,NULL,NULL,'02','08:34','18:02','09',3,'2022',5),(668,NULL,NULL,'05','08:32','18:14','09',3,'2022',5),(669,NULL,NULL,'06','08:31','18:10','09',3,'2022',5),(670,NULL,NULL,'07','08:46','18:03','09',3,'2022',5),(671,NULL,NULL,'08','08:12','18:27','09',3,'2022',5),(672,NULL,NULL,'09','08:19','18:06','09',3,'2022',5),(673,NULL,NULL,'12','08:37','18:04','09',3,'2022',5),(674,NULL,NULL,'13','08:45','18:25','09',3,'2022',5),(675,NULL,NULL,'14','08:32','18:01','09',3,'2022',5),(676,NULL,NULL,'15','08:21','18:07','09',3,'2022',5),(677,NULL,NULL,'16','08:47','18:24','09',3,'2022',5),(678,NULL,NULL,'19','08:31','18:26','09',3,'2022',5),(679,NULL,NULL,'20','08:14','18:21','09',3,'2022',5),(680,NULL,NULL,'21','08:39','18:14','09',3,'2022',5),(681,NULL,NULL,'22','08:37','18:02','09',3,'2022',5),(682,NULL,NULL,'23','08:40','18:21','09',3,'2022',5),(683,NULL,NULL,'26','08:30','18:04','09',3,'2022',5),(684,NULL,NULL,'27','08:49','18:23','09',3,'2022',5),(685,NULL,NULL,'28','08:12','18:07','09',3,'2022',5),(686,NULL,NULL,'29','08:11','18:06','09',3,'2022',5),(687,NULL,NULL,'30','08:30','18:01','09',3,'2022',5),(688,NULL,NULL,'03','08:36','18:11','10',3,'2022',5),(689,NULL,NULL,'04','08:32','18:17','10',3,'2022',5),(690,NULL,NULL,'05','08:56','18:08','10',3,'2022',5);
/*!40000 ALTER TABLE `attendance` ENABLE KEYS */;
UNLOCK TABLES;

--
-- Table structure for table `gate_log`
--

DROP TABLE IF EXISTS `gate_log`;
/*!40101 SET @saved_cs_client     = @@character_set_client */;
/*!50503 SET character_set_client = utf8mb4 */;
CREATE TABLE `gate_log` (
  `id` int NOT NULL AUTO_INCREMENT,
  `created_at` datetime DEFAULT NULL,
  `updated_at` datetime DEFAULT NULL,
  `user_id` int DEFAULT NULL,
  PRIMARY KEY (`id`),
  KEY `FK9w0k513rd7ml9n46s7fxbkcc6` (`user_id`),
  CONSTRAINT `FK9w0k513rd7ml9n46s7fxbkcc6` FOREIGN KEY (`user_id`) REFERENCES `user` (`id`)
) ENGINE=InnoDB AUTO_INCREMENT=5 DEFAULT CHARSET=utf8mb3;
/*!40101 SET character_set_client = @saved_cs_client */;

--
-- Dumping data for table `gate_log`
--

LOCK TABLES `gate_log` WRITE;
/*!40000 ALTER TABLE `gate_log` DISABLE KEYS */;
INSERT INTO `gate_log` VALUES (1,'2022-10-05 16:11:47','2022-10-05 16:11:47',1),(2,'2022-10-05 16:11:53','2022-10-05 16:11:53',1),(3,'2022-10-05 16:11:59','2022-10-05 16:11:59',1),(4,'2022-10-05 16:12:05','2022-10-05 16:12:05',1);
/*!40000 ALTER TABLE `gate_log` ENABLE KEYS */;
UNLOCK TABLES;

--
-- Table structure for table `manager`
--

DROP TABLE IF EXISTS `manager`;
/*!40101 SET @saved_cs_client     = @@character_set_client */;
/*!50503 SET character_set_client = utf8mb4 */;
CREATE TABLE `manager` (
  `id` int NOT NULL AUTO_INCREMENT,
  `created_at` datetime DEFAULT NULL,
  `updated_at` datetime DEFAULT NULL,
  `class_code` varchar(20) NOT NULL,
  `manager_code` varchar(20) NOT NULL,
  `name` varchar(20) NOT NULL,
  `password` varchar(200) DEFAULT NULL,
  PRIMARY KEY (`id`),
  UNIQUE KEY `UKt8gxm0wy4jlgqx9qhw5gnht5j` (`manager_code`)
) ENGINE=InnoDB AUTO_INCREMENT=3 DEFAULT CHARSET=utf8mb3;
/*!40101 SET character_set_client = @saved_cs_client */;

--
-- Dumping data for table `manager`
--

LOCK TABLES `manager` WRITE;
/*!40000 ALTER TABLE `manager` DISABLE KEYS */;
INSERT INTO `manager` VALUES (2,'2022-10-05 11:44:06','2022-10-05 11:44:06','2','1743000','안희경','$2a$10$R0q8jqkVAWsJhYw422UrneOtUqYFG/mM5Ovet4i6JkhnaJble.IvS');
/*!40000 ALTER TABLE `manager` ENABLE KEYS */;
UNLOCK TABLES;

--
-- Table structure for table `ref_month`
--

DROP TABLE IF EXISTS `ref_month`;
/*!40101 SET @saved_cs_client     = @@character_set_client */;
/*!50503 SET character_set_client = utf8mb4 */;
CREATE TABLE `ref_month` (
  `id` int NOT NULL AUTO_INCREMENT,
  `day` int NOT NULL,
  `month` int NOT NULL,
  PRIMARY KEY (`id`)
) ENGINE=InnoDB AUTO_INCREMENT=13 DEFAULT CHARSET=utf8mb3;
/*!40101 SET character_set_client = @saved_cs_client */;

--
-- Dumping data for table `ref_month`
--

LOCK TABLES `ref_month` WRITE;
/*!40000 ALTER TABLE `ref_month` DISABLE KEYS */;
INSERT INTO `ref_month` VALUES (1,18,1),(2,18,2),(3,21,3),(4,21,4),(5,21,5),(6,16,6),(7,20,7),(8,22,8),(9,18,9),(10,19,10),(11,22,11),(12,22,12);
/*!40000 ALTER TABLE `ref_month` ENABLE KEYS */;
UNLOCK TABLES;

--
-- Table structure for table `user`
--

DROP TABLE IF EXISTS `user`;
/*!40101 SET @saved_cs_client     = @@character_set_client */;
/*!50503 SET character_set_client = utf8mb4 */;
CREATE TABLE `user` (
  `id` int NOT NULL AUTO_INCREMENT,
  `created_at` datetime DEFAULT NULL,
  `updated_at` datetime DEFAULT NULL,
  `absent` int NOT NULL,
  `class_code` varchar(20) DEFAULT NULL,
  `name` varchar(20) NOT NULL,
  `password` varchar(200) NOT NULL,
  `phone_num` varchar(20) DEFAULT NULL,
  `status` int DEFAULT NULL,
  `tardy` int NOT NULL,
  `team_code` varchar(20) DEFAULT NULL,
  `team_leader` bit(1) DEFAULT NULL,
  `user_code` varchar(20) NOT NULL,
  PRIMARY KEY (`id`),
  UNIQUE KEY `UKlk8ogj8cf8jrqen0wof8iyora` (`user_code`)
) ENGINE=InnoDB AUTO_INCREMENT=45 DEFAULT CHARSET=utf8mb3;
/*!40101 SET character_set_client = @saved_cs_client */;

--
-- Dumping data for table `user`
--

LOCK TABLES `user` WRITE;
/*!40000 ALTER TABLE `user` DISABLE KEYS */;
INSERT INTO `user` VALUES (1,'2022-10-05 18:35:25','2022-10-05 18:35:25',0,'2','김무종','$2a$10$aPkG4/TTcT1eQ6zs67AoC.aYugA3KnY49d/NDXRJjNv0rIondYT3.','01056756012',0,0,'A205',_binary '\0','0743001'),(2,'2022-10-05 18:35:25','2022-10-05 18:35:25',0,'2','김주한','$2a$10$JxpcYpNlLLts6aMAIb2h6ei8rctKaJB/w9DQnlbgJgx.8.XRsJvoG','01075801210',0,0,'A205',_binary '\0','0743002'),(3,'2022-10-05 18:35:25','2022-10-05 18:35:25',0,'2','박세현','$2a$10$gaCUVplhPKxVD5YGo.vdt.lqeCXzh5kikTFHN6zKXPvRmdBXAu/Lq','01039761209',0,0,'A205',_binary '','0743003'),(4,'2022-10-05 18:35:25','2022-10-05 18:35:25',0,'2','홍성영','$2a$10$csP8tCPXntUQINNMGKQRB.vRApldynl9tgRONBVke58VGA.oXNbKq','01093086183',0,0,'A205',_binary '\0','0743004'),(5,'2022-10-05 18:35:25','2022-10-05 18:35:25',0,'2','홍제민','$2a$10$KkV6tqtFTwJtFMI36OF0Au38XjcBUEdwzyt.XMn8b8VQU3x0N8/ve','01054175563',0,0,'A205',_binary '\0','0743005'),(6,'2022-10-05 18:35:25','2022-10-05 18:35:25',3,'2','김병수','$2a$10$RUMd2ya4yPadtWWUpFo/K.yO2w2/NOX8jj/r/MUQnlQZdgtzdxmwK','01011112222',0,3,'A205',_binary '\0','0743006'),(32,'2022-10-05 21:20:26','2022-10-05 21:20:26',0,'2','김영범','$2a$10$RWbWzuUPNM4P47Oi9kQZK.isllBzbwnhqu/kx5xxDKWgeXsQXW8dm','01011112222',0,0,'A201',_binary '\0','0743019'),(33,'2022-10-05 21:26:44','2022-10-05 21:26:44',0,'2','남성은','$2a$10$QiKNlcvfyJW10C3FdToUWeA.hpXGcZ1.ntV2UxMVV8b9NDGtHUwFi','01011112222',0,0,'A202',_binary '\0','0743007'),(34,'2022-10-05 21:26:44','2022-10-05 21:26:44',0,'2','박예인','$2a$10$P.S..3tn1iMgFP0BppyGQucgpwy8cNB8sRjn.fxjn5pe/UjkotjB6','01011112222',0,0,'A207',_binary '\0','0743008'),(35,'2022-10-05 21:26:44','2022-10-05 21:26:44',0,'2','오현규','$2a$10$rrjJIOgDrh2g4.PtF.obHuk.bYP9Dgl1X7hdImCLWoAFePyK/ChhK','01011112222',0,0,'A206',_binary '','0743009'),(36,'2022-10-05 21:26:44','2022-10-05 21:26:44',0,'2','이경준','$2a$10$WlBUweerCFK4MApPEElOJO.OJl1AysuIGzQx0pKNYYzpnXUzUCap6','01011112222',0,0,'A206',_binary '\0','0743010'),(37,'2022-10-05 21:26:44','2022-10-05 21:26:44',0,'2','임재현','$2a$10$JWXy9kyzfQ26ML0Rw0Wx3uBsduX2vkCsKObXwjsS2hvwkzS/hkgVO','01011112222',0,0,'A206',_binary '\0','0743011'),(38,'2022-10-05 21:26:44','2022-10-05 21:26:44',0,'2','정찬희','$2a$10$mW.9gW/LjlxhlvKUVaip5eM4KvxMicV3zXVf.ZFY/B/MQYpW3NyHi','01011112222',0,0,'A206',_binary '\0','0743012'),(39,'2022-10-05 21:26:44','2022-10-05 21:26:44',0,'2','최윤영','$2a$10$URV4aeeyeqsMO8Rj5gwRv.wgyI4iSl3yQS48R/43cK2AyKjA2/26.','01011112222',0,0,'A206',_binary '\0','0743013'),(40,'2022-10-05 21:26:44','2022-10-05 21:26:44',0,'2','원민석','$2a$10$HUe9Fbn.cVEy2Jd/497Gt.FTceDfRbYcHuy/CSgol0EP.6FIgwYty','01011112222',0,0,'A202',_binary '\0','0743014'),(41,'2022-10-05 21:26:44','2022-10-05 21:26:44',0,'5','김현영','$2a$10$1uHFj8TDKwo3DpJ6UnFe/OmgzXbDc05kAkZ7V7Dd3oCSYAIMd0/1q','01011112222',0,0,'A506',_binary '','0743015'),(42,'2022-10-05 21:26:44','2022-10-05 21:26:44',0,'7','조혜림','$2a$10$KM.NfLFnhHjtgri1NwSAmeaNPNtNLFq13SLN4K4LRrjKnlBF5wR0m','01011112222',0,0,'A704',_binary '\0','0743016'),(43,'2022-10-05 21:26:44','2022-10-05 21:26:44',0,'1','김희성','$2a$10$ppeYjhoEhqPs4V34VTsVYO0CmeDHUYnq0jt8E5AAkpOkl8JJCuS6O','01011112222',0,0,'A102',_binary '\0','0743017'),(44,'2022-10-05 21:26:44','2022-10-05 21:26:44',0,'1','이도경','$2a$10$z1BFFKG88qEERiQR6DauEODEfzTvTikRtxJ53g9Omcg3FzEVMKp2q','01011112222',0,0,'A103',_binary '\0','0743018');
/*!40000 ALTER TABLE `user` ENABLE KEYS */;
UNLOCK TABLES;

--
-- Table structure for table `user_img`
--

DROP TABLE IF EXISTS `user_img`;
/*!40101 SET @saved_cs_client     = @@character_set_client */;
/*!50503 SET character_set_client = utf8mb4 */;
CREATE TABLE `user_img` (
  `id` int NOT NULL AUTO_INCREMENT,
  `created_at` datetime DEFAULT NULL,
  `updated_at` datetime DEFAULT NULL,
  `img_url` varchar(1000) DEFAULT NULL,
  `user_id` int DEFAULT NULL,
  PRIMARY KEY (`id`),
  KEY `FKivy2anbweqcs9djnggd6cfjy6` (`user_id`),
  CONSTRAINT `FKivy2anbweqcs9djnggd6cfjy6` FOREIGN KEY (`user_id`) REFERENCES `user` (`id`)
) ENGINE=InnoDB DEFAULT CHARSET=utf8mb3;
/*!40101 SET character_set_client = @saved_cs_client */;

--
-- Dumping data for table `user_img`
--

LOCK TABLES `user_img` WRITE;
/*!40000 ALTER TABLE `user_img` DISABLE KEYS */;
/*!40000 ALTER TABLE `user_img` ENABLE KEYS */;
UNLOCK TABLES;
/*!40103 SET TIME_ZONE=@OLD_TIME_ZONE */;

/*!40101 SET SQL_MODE=@OLD_SQL_MODE */;
/*!40014 SET FOREIGN_KEY_CHECKS=@OLD_FOREIGN_KEY_CHECKS */;
/*!40014 SET UNIQUE_CHECKS=@OLD_UNIQUE_CHECKS */;
/*!40101 SET CHARACTER_SET_CLIENT=@OLD_CHARACTER_SET_CLIENT */;
/*!40101 SET CHARACTER_SET_RESULTS=@OLD_CHARACTER_SET_RESULTS */;
/*!40101 SET COLLATION_CONNECTION=@OLD_COLLATION_CONNECTION */;
/*!40111 SET SQL_NOTES=@OLD_SQL_NOTES */;

-- Dump completed on 2022-10-05 23:50:06
